Workbook

Sheet I App
A1: MATRI. | B1: COGNOME | C1: NOME | D1: EMAIL | E1: D1 (6) | F1: D2 (5) | G1: D3 (5) | H1: D4 (5) | I1: D5 (6) | J1: D6 (3) | K1: TOT. | L1: TOT. ARR.
A2: N86005495 | B2: NARRETTI | C2: CLAUDIO JUNIOR | D2: c.narretti@studenti.unina.it | K2: =SUM(E2:J2) -> 0 | L2: =IF($K2=0,"N/A",IF(_xlfn.CEILING.MATH($K2)<18,"INSUFF.",_xlfn.CEILING.MATH($K2))) -> N/A
A3: N86005810 | B3: NEAMTU | C3: NARCIS ALEXANDRU | D3: n.neamtu@studenti.unina.it | K3: =SUM(E3:J3) -> 0 | L3: =IF($K3=0,"N/A",IF(_xlfn.CEILING.MATH($K3)<18,"INSUFF.",_xlfn.CEILING.MATH($K3))) -> N/A
A4: N86005558 | B4: PAESANO | C4: GIUSEPPE | D4: giuse.paesano@studenti.unina.it | K4: =SUM(E4:J4) -> 0 | L4: =IF($K4=0,"N/A",IF(_xlfn.CEILING.MATH($K4)<18,"INSUFF.",_xlfn.CEILING.MATH($K4))) -> N/A
A5: N86005636 | B5: PALLANTE | C5: DOMENICO | D5: d.pallante@studenti.unina.it | K5: =SUM(E5:J5) -> 0 | L5: =IF($K5=0,"N/A",IF(_xlfn.CEILING.MATH($K5)<18,"INSUFF.",_xlfn.CEILING.MATH($K5))) -> N/A
A6: N86005665 | B6: PALMIERI | C6: FABIO | D6: fabio.palmieri@studenti.unina.it | K6: =SUM(E6:J6) -> 0 | L6: =IF($K6=0,"N/A",IF(_xlfn.CEILING.MATH($K6)<18,"INSUFF.",_xlfn.CEILING.MATH($K6))) -> N/A
A7: N86005472 | B7: PARADISO | C7: ASIA FATIMA | D7: as.paradiso@studenti.unina.it | K7: =SUM(E7:J7) -> 0 | L7: =IF($K7=0,"N/A",IF(_xlfn.CEILING.MATH($K7)<18,"INSUFF.",_xlfn.CEILING.MATH($K7))) -> N/A
A8: N86005513 | B8: PATRUNO | C8: LUCA | D8: l.patruno@studenti.unina.it | E8: 5 | F8: 5 | G8: 4.5 | H8: 5 | I8: 5.5 | J8: 2.5 | K8: =SUM(E8:J8) -> 27.5 | L8: =IF($K8=0,"N/A",IF(_xlfn.CEILING.MATH($K8)<18,"INSUFF.",_xlfn.CEILING.MATH($K8))) -> 28
A9: N86005503 | B9: PICCIRILLO | C9: CHRISTIAN | D9: chr.piccirillo@studenti.unina.it | K9: =SUM(E9:J9) -> 0 | L9: =IF($K9=0,"N/A",IF(_xlfn.CEILING.MATH($K9)<18,"INSUFF.",_xlfn.CEILING.MATH($K9))) -> N/A
A10: N86005776 | B10: PIGNATIELLO | C10: ANTONIO | D10: anto.pignatiello@studenti.unina.it | E10: 0.1 | K10: =SUM(E10:J10) -> 0.1 | L10: =IF($K10=0,"N/A",IF(_xlfn.CEILING.MATH($K10)<18,"INSUFF.",_xlfn.CEILING.MATH($K10))) -> INSUFF.
A11: N86005484 | B11: PISCOPO | C11: MATTIA | D11: matti.piscopo@studenti.unina.it | E11: 6 | F11: 5 | G11: 2.5 | H11: 2 | J11: 2 | K11: =SUM(E11:J11) -> 17.5 | L11: =IF($K11=0,"N/A",IF(_xlfn.CEILING.MATH($K11)<18,"INSUFF.",_xlfn.CEILING.MATH($K11))) -> 18
A12: N86005698 | B12: POIANA | C12: DELIA MARIA | D12: d.poiana@studenti.unina.it | E12: 5.5 | F12: 5 | G12: 5 | H12: 5 | I12: 6 | J12: 3 | K12: =SUM(E12:J12) -> 29.5 | L12: =IF($K12=0,"N/A",IF(_xlfn.CEILING.MATH($K12)<18,"INSUFF.",_xlfn.CEILING.MATH($K12))) -> 30
A13: N86005664 | B13: PYLYPIV | C13: DMYTRO | D13: d.pylypiv@studenti.unina.it | K13: =SUM(E13:J13) -> 0 | L13: =IF($K13=0,"N/A",IF(_xlfn.CEILING.MATH($K13)<18,"INSUFF.",_xlfn.CEILING.MATH($K13))) -> N/A
A14: N86005742 | B14: RASULO | C14: MATTEO ANTONIO | D14: mat.rasulo@studenti.unina.it | E14: 6 | F14: 5 | G14: 3 | K14: =SUM(E14:J14) -> 14 | L14: =IF($K14=0,"N/A",IF(_xlfn.CEILING.MATH($K14)<18,"INSUFF.",_xlfn.CEILING.MATH($K14))) -> INSUFF.
A15: N86005667 | B15: RESCIGNO | C15: DOMENICO PIO | D15: do.rescigno@studenti.unina.it | E15: 3.5 | F15: 3.5 | K15: =SUM(E15:J15) -> 7 | L15: =IF($K15=0,"N/A",IF(_xlfn.CEILING.MATH($K15)<18,"INSUFF.",_xlfn.CEILING.MATH($K15))) -> INSUFF.
A16: N86005735 | B16: RUSSO | C16: LUIGI | D16: luigi.russo76@studenti.unina.it | E16: 5 | F16: 5 | G16: 3 | H16: 2 | J16: 3 | K16: =SUM(E16:J16) -> 18 | L16: =IF($K16=0,"N/A",IF(_xlfn.CEILING.MATH($K16)<18,"INSUFF.",_xlfn.CEILING.MATH($K16))) -> 18
A17: N86005540 | B17: RUSSO | C17: LARA | D17: lar.russo@studenti.unina.it | E17: 6 | F17: 4 | G17: 5 | H17: 5 | I17: 4 | J17: 4 | K17: =SUM(E17:J17) -> 28 | L17: =IF($K17=0,"N/A",IF(_xlfn.CEILING.MATH($K17)<18,"INSUFF.",_xlfn.CEILING.MATH($K17))) -> 28
A18: N86005724 | B18: SANNINO | C18: LIBERATO | E18: 4.5 | F18: 4.5 | G18: 3.5 | I18: 5 | J18: 3 | K18: =SUM(E18:J18) -> 20.5 | L18: =IF($K18=0,"N/A",IF(_xlfn.CEILING.MATH($K18)<18,"INSUFF.",_xlfn.CEILING.MATH($K18))) -> 21
A19: N86005507 | B19: SANSONE | C19: LUIGI | D19: luigi.sansone7@studenti.unina.it | E19: 5.5 | F19: 5 | G19: 5 | H19: 5 | I19: 5 | J19: 2 | K19: =SUM(E19:J19) -> 27.5 | L19: =IF($K19=0,"N/A",IF(_xlfn.CEILING.MATH($K19)<18,"INSUFF.",_xlfn.CEILING.MATH($K19))) -> 28
A20: N86005723 | B20: SAPONARO | C20: KRISTIAN | D20: k.saponaro@studenti.unina.it | K20: =SUM(E20:J20) -> 0 | L20: =IF($K20=0,"N/A",IF(_xlfn.CEILING.MATH($K20)<18,"INSUFF.",_xlfn.CEILING.MATH($K20))) -> N/A
A21: N86005815 | B21: SCARPATI | C21: VIVIANA | D21: viv.scarpati@studenti.unina.it | K21: =SUM(E21:J21) -> 0 | L21: =IF($K21=0,"N/A",IF(_xlfn.CEILING.MATH($K21)<18,"INSUFF.",_xlfn.CEILING.MATH($K21))) -> N/A
A22: N86005583 | B22: SORRENTINO | C22: ALESSANDRO | D22: alessandro.sorrentino12@studenti.unina.it | E22: 2 | F22: 4 | G22: 3.5 | J22: 3 | K22: =SUM(E22:J22) -> 12.5 | L22: =IF($K22=0,"N/A",IF(_xlfn.CEILING.MATH($K22)<18,"INSUFF.",_xlfn.CEILING.MATH($K22))) -> INSUFF.
A23: N86005488 | B23: SPINOSA | C23: ALFREDO | D23: alf.spinosa@studenti.unina.it | E23: 6 | F23: 5 | G23: 4 | H23: 5 | I23: 4 | J23: 3 | K23: =SUM(E23:J23) -> 27 | L23: =IF($K23=0,"N/A",IF(_xlfn.CEILING.MATH($K23)<18,"INSUFF.",_xlfn.CEILING.MATH($K23))) -> 27
A24: N86005849 | B24: STRIANO | C24: GIUSEPPE | D24: giuse.striano@studenti.unina.it | K24: =SUM(E24:J24) -> 0 | L24: =IF($K24=0,"N/A",IF(_xlfn.CEILING.MATH($K24)<18,"INSUFF.",_xlfn.CEILING.MATH($K24))) -> N/A
A25: N86005734 | B25: TANCREDI | C25: NUNZIA | D25: nu.tancredi@studenti.unina.it | K25: =SUM(E25:J25) -> 0 | L25: =IF($K25=0,"N/A",IF(_xlfn.CEILING.MATH($K25)<18,"INSUFF.",_xlfn.CEILING.MATH($K25))) -> N/A
A26: N86005678 | B26: TATRIELE | C26: BRUNO | D26: b.tatriele@studenti.unina.it | E26: 6 | F26: 5 | G26: 2.5 | H26: 4 | I26: 5 | J26: 2 | K26: =SUM(E26:J26) -> 24.5 | L26: =IF($K26=0,"N/A",IF(_xlfn.CEILING.MATH($K26)<18,"INSUFF.",_xlfn.CEILING.MATH($K26))) -> 25
A27: N86005692 | B27: TELLO | C27: ANTONIO | D27: an.tello@studenti.unina.it | E27: 5 | F27: 5 | G27: 4 | H27: 3 | J27: 4 | K27: =SUM(E27:J27) -> 21 | L27: =IF($K27=0,"N/A",IF(_xlfn.CEILING.MATH($K27)<18,"INSUFF.",_xlfn.CEILING.MATH($K27))) -> 21
A28: N86005525 | B28: TORTORA | C28: PAOLO | D28: paolo.tortora@studenti.unina.it | E28: 5.5 | F28: 4.5 | G28: 5 | H28: 5 | I28: 5 | J28: 3 | K28: =SUM(E28:J28) -> 28 | L28: =IF($K28=0,"N/A",IF(_xlfn.CEILING.MATH($K28)<18,"INSUFF.",_xlfn.CEILING.MATH($K28))) -> 28
A29: N86005432 | B29: TRAMPARULO | C29: GIUSEPPE | D29: gius.tramparulo@studenti.unina.it | E29: 5 | F29: 5 | G29: 5 | H29: 4.5 | I29: 5 | K29: =SUM(E29:J29) -> 24.5 | L29: =IF($K29=0,"N/A",IF(_xlfn.CEILING.MATH($K29)<18,"INSUFF.",_xlfn.CEILING.MATH($K29))) -> 25

Sheet I App pub
A1: MATRI. | B1: TOT. ARR.
A2: ='I App'!A2 -> N86005495 | B2: ='I App'!L2 -> N/A
A3: ='I App'!A3 -> N86005810 | B3: ='I App'!L3 -> N/A
A4: ='I App'!A4 -> N86005558 | B4: ='I App'!L4 -> N/A
A5: ='I App'!A5 -> N86005636 | B5: ='I App'!L5 -> N/A
A6: ='I App'!A6 -> N86005665 | B6: ='I App'!L6 -> N/A
A7: ='I App'!A7 -> N86005472 | B7: ='I App'!L7 -> N/A
A8: ='I App'!A8 -> N86005513 | B8: ='I App'!L8 -> 28
A9: ='I App'!A9 -> N86005503 | B9: ='I App'!L9 -> N/A
A10: ='I App'!A10 -> N86005776 | B10: ='I App'!L10 -> INSUFF.
A11: ='I App'!A11 -> N86005484 | B11: ='I App'!L11 -> 18
A12: ='I App'!A12 -> N86005698 | B12: ='I App'!L12 -> 30
A13: ='I App'!A13 -> N86005664 | B13: ='I App'!L13 -> N/A
... A29: ='I App'!A29 -> N86005432 | B29: ='I App'!L29 -> 25
